{
    "rmse": 0.5574479715776524,
    "mae": 0.43664145330406345,
    "r2": 0.5244905052370418
}