{
    "rmse": 0.5551125201012355,
    "mae": 0.426220703125,
    "r2": 0.5284664926067335
}