{
    "rmse": 0.5574008822748588,
    "mae": 0.4276611328125,
    "r2": 0.5245708372715523
}