{
    "rmse": 0.5541278863784788,
    "mae": 0.42474365234375,
    "r2": 0.530137779092074
}